topic,share_of_training_articles,npmi_training,npmi_later,stability,top_terms,top_terms_by_probability
0,0.0153,0.3867,0.3172,0.3434,"consumer, health care, care, health, sector update, update, sector, flat, cvs, dis cvs","consumer, health, sector, care, health care, update, sector update, news, index, higher"
1,0.0153,0.8877,0.8902,0.4977,"etf, outstanding, detected, largest underlying, today outstanding, changes universe, outstanding changes, detected approximate, channel standout, looking today","etf, today, outstanding, detected, trading, covered, dollar, underlying, changes, channel"
2,0.014,0.6043,0.4791,0.3925,"technology, apple, aapl, tech, goog, aapl ibm, msft aapl, msft, ibm, ibm csco","technology, apple, tech, aapl, google, ibm, price, msft, apple aapl, goog"
3,0.0058,0.4462,0.3076,0.4988,"solar, power, energy, known consensus, compare estimates, powerful factor, consensus outlook, results compare, actual results, term price","energy, solar, steel, power, earnings, electric, trump, renewable, coal, utility"
4,0.0604,0.5301,0.4801,0.9501,"cents, consensus estimate, consensus, estimate, earnings, reported, revenues, earnings cents, adjusted, ago","earnings, cents, consensus, estimate, consensus estimate, reported, revenues, million, analyst blog, blog"
5,0.0206,0.5773,0.2475,0.8551,"surprise, earnings surprise, let things, things shaping, shaping, earnings, positive, factors, let, quarters","earnings, surprise, results, positive, earnings surprise, report, quarters, let, positive earnings, things"
6,0.0043,0.7306,0.7477,0.0,"activity, volume, noteworthy, underlying, number works, underlying number, underlying given, noteworthy activity, representative approximately, represents underlying","volume, activity, cola, coca, coca cola, trading, today, contract, underlying, noteworthy"
7,0.1267,0.0985,0.0661,0.5111,"investors, years, market, buy, like, just, source, time, industry, long","investors, market, buy, years, time, just, like, source, big, industry"
8,0.0102,0.867,0.8472,0.9965,"strategy, validea, based, rating according, investor model, industry rating, based published, published strategy, according strategy, model based","based, strategy, validea, cap, growth, according, value, model, fundamentals, investor"
9,0.0178,0.6435,0.5716,0.5188,"energy, oil, gas, crude, natural gas, natural, crude oil, barrel, energy sector, xom","energy, oil, gas, natural, crude, natural gas, crude oil, prices, oil gas, production"
10,0.0041,0.6206,0.3823,0.6339,"earnings estimate, seeing solid, taking place, estimate revision, seeing, solid earnings, industry, revision, taking, choice","earnings, industry, estimate, earnings estimate, solid, investors, revision, great, place, estimate revision"
11,0.0065,0.8298,0.8229,0.7841,"earnings report, report, reacted late, analysts reacted, continue leading, dive investors, late let, better handle, report order, leading earnings","earnings, report, earnings report, recent, look, investors, market, continue, important, let"
12,0.0105,0.8842,0.8708,0.5129,"performing, components, list day, components making, topped list, day best, component far, far day, moves today, trading date","trading, performing, day, date, components, today, best, gain, looking, worst"
13,0.009,0.6637,0.6641,0.8562,"traded, active, pre market, pre, hours, traded following, indicator total, following active, volume currently, currently traded","traded, pre, pre market, market, hours, active, session, volume, following, qqq"
14,0.0224,0.7255,0.716,1.0,"moving average, moving, day moving, chart, point, average, day, day chart, shows performance, crossed day","day, moving, average, moving average, day moving, chart, trading, point, low, high"
15,0.0136,0.5305,-0.3415,0.4864,"free analysis, analysis report, free, rank, analysis, report, rank strong, list, strong, added rank","rank, free, report, analysis, free analysis, analysis report, strong, rank strong, list, sell"
16,0.0275,0.5004,0.4758,0.0101,"dow, dow jones, jones, jones industrial, industrial average, industrial, market, today, gains, dji","dow, market, today, jones, day, dow jones, industrial, trading, average, street"
17,0.0119,0.6106,0.277,0.7955,"broad market, broad, traded, qqq, market exchange, traded funds, exchange traded, spy, funds, market","market, traded, etf, broad, ishares, qqq, broad market, exchange, funds, exchange traded"
18,0.0536,0.1747,0.1197,0.7405,"economic, fed, markets, china, economy, market, data, rate, etfs, european","market, markets, economic, china, data, news, fed, trade, rate, economy"
19,0.0055,0.7396,-0.5023,1.0,"hours, extended hours, extended, quarterly earnings, issue, history, premarket, quarterly, avg extended, history traders","earnings, hours, extended, extended hours, trading, quarterly, quarterly earnings, history, issue, premarket"
20,0.0119,0.7084,0.7328,0.6065,"quarterly dividend, quarterly, pay quarterly, dividends, cover dividend, looking universe, universe cover, dividend, cover, dividend channel","dividend, quarterly, quarterly dividend, dividends, pay, pay quarterly, trade, looking, channel, cover"
21,0.0192,0.7697,0.5951,0.2106,"dividend, dividend date, dividend payment, payment, cash dividend, december, date, scheduled, cash, paid","dividend, date, dividend date, payment, dividend payment, cash, scheduled, cash dividend, trading, paid"
22,0.003,0.7458,-0.6793,0.4481,"advancers, advancers decliners, composite index, decliners, closes, composite, active, reaching, high reaching, active advancers","ebay, paypal, morris, philip, philip morris, tobacco, advancers, accenture, applied, active"
23,0.0055,0.3918,0.3377,0.4601,"airlines, real estate, estate, real, estate investment, reit, investment trust, trust, trust reit, air","trust, real, estate, real estate, investment, airlines, reit, realty, properties, american"
24,0.0044,0.8222,0.8422,0.0032,"rsi, oversold, rsi reading, oversold territory, territory, reading, indicator used, territory using, territory changing, measure momentum","rsi, oversold, buffett, berkshire, territory, oversold territory, warren, warren buffett, reading, rsi reading"
25,0.0097,0.8979,0.9242,1.0,"options, contract, particular contract, options chain, contract strike, contracts identified, current bid, chain new, price current, strike price","options, contract, new, current, strike, price, contracts, investor, bid, strike price"
26,0.0076,0.3639,-0.3983,0.1857,"moving, average crossover, crossover, moving average, past weeks, average, weeks, strong buy, rank, suggesting","buy, rank, average, moving, analyst, strong, strong buy, moving average, past, day"
27,0.0056,0.2221,-0.147,0.3611,"past months, weighted, buying, holdings, past, seen, rid, etf holds, months, helps maximize","past, holdings, earnings, etf, price, time, buying, portfolio, months, past months"
28,0.0336,0.8629,0.6935,0.8099,"dividend, dividend payment, payment, dividend date, cash dividend, scheduled, cash, paid, date, yield previous","dividend, payment, dividend payment, date, cash, dividend date, scheduled, cash dividend, trading, paid"
29,0.0078,0.2815,-0.2797,0.8995,"volume, high, new high, average volume, return, hits, high analyst, session, date return, etf unusual","high, volume, new, trading, new high, etf, session, million, return, average"
30,0.0164,0.2897,0.2669,0.0361,"million, net, revenue, net income, billion, reported, profit, income, earnings, adjusted","million, net, earnings, revenue, reported, billion, income, net income, profit, adjusted"
31,0.0046,0.89,0.7799,0.9752,"bid, interesting contract, interesting, strike bid, bid premium, collecting bid, bid time, premium represents, collecting, time writing","bid, interesting, contract, options, interesting contract, return, considering, annualized, purchase, time"
32,0.0169,0.3105,0.2796,0.4607,"disney, cable, streaming, service, comcast, mobile, dish, network, netflix, wireless","mobile, service, disney, communications, cable, network, boeing, media, comcast, defense"
33,0.0053,0.7874,0.6523,0.6278,"financial, jpm, wfc, financial sector, usb, bac wfc, jpm bac, wfc usb, bac, financial jpm","financial, bank, bac, jpm, banks, wfc, services, goldman, wells, fargo"
34,0.0053,0.6288,0.6543,0.5882,"chart, outstanding, etf, shows price, detected, price performance, looking, channel standout, changes universe, outstanding changes","etf, chart, looking, outstanding, detected, shows, day, performance, chart shows, price"
35,0.0068,0.176,0.1845,0.903,"showing, gold, components etf, laggards, day, etf, day group, group led, metals, group","gold, trading, day, etf, mining, metals, silver, group, showing, etfs"
36,0.01,0.8932,0.8901,0.9449,"remarks, conference, prepared remarks, prepared, operator, participants, earnings conference, questions, remarks questions, contents prepared","earnings, conference, remarks, prepared, prepared remarks, operator, participants, earnings conference, questions, answers"
37,0.0417,0.237,0.1866,0.3352,"sales, results, growth, revenue, earnings, fiscal, strong, guidance, reported, second","sales, earnings, growth, results, revenue, fiscal, strong, reported, second, report"
38,0.0088,0.4223,0.3976,0.6607,"quarterly, dividend, record, shareholders record, quarterly dividend, dividend cents, common, payable, declared, cents","dividend, quarterly, cents, shareholders, record, quarterly dividend, cash, game, increase, common"
39,0.0056,0.8296,0.7904,0.0013,"consensus earnings, earnings calendar, earnings, reporting ending, calendar list, visit earnings, list expected, following expected, value represents, calendar","earnings, report, expected, consensus, consensus earnings, market, calendar, earnings calendar, following, forecast"
40,0.0099,0.3522,0.2863,0.0093,"offering, notes, ipo, million, senior, senior notes, offering million, proceeds, public, plans","million, offering, ipo, notes, public, senior, foods, price, fedex, restaurant"
41,0.0052,0.8,0.809,0.8462,"expiration, available, options, available contracts, contracts, price option, sellers puts, expiration newly, premium available, opportunity sellers","options, expiration, available, contracts, available contracts, trading, key, investors, saw, calls"
42,0.0043,0.6237,0.6276,0.9432,"trading volume, volume, option, contracts, noteworthy, far, underlying, total contracts, volume today, representing approximately","volume, trading, contracts, option, trading volume, far, today, underlying, noteworthy, representing"
43,0.0055,0.769,0.7429,0.6619,"units, etf, biggest, big etf, channel biggest, outstanding versus, change basis, units outstanding, percentage change, basis etf","etf, units, sector, biggest, etfs, spdr, select, outstanding, sector spdr, big"
44,0.0243,0.463,0.4523,0.8688,"drug, study, fda, patients, treatment, phase, cancer, approval, candidate, gilead","drug, biotech, pharmaceuticals, study, patients, treatment, fda, cancer, phase, gilead"
45,0.0054,0.6765,0.6457,0.452,"insider, insider buying, buying, expect make, reason, make money, make, presumably reason, insider buys, presumably","earnings, insider, nvidia, amd, micro, buying, buy, make, report, advanced"
46,0.0116,0.6489,0.7165,0.5982,"target, target price, analyst target, price, analyst, implied analyst, implied, price etf, underlying holdings, average analyst","price, analyst, target, target price, etf, analyst target, average, trading, holdings, implied"
47,0.0322,0.2655,-0.0106,0.7256,"deal, billion, analyst blog, blog, acquisition, million, agreement, announced, acquire, analyst","billion, million, deal, blog, analyst, analyst blog, announced, acquisition, agreement, assets"
48,0.0123,0.7293,0.2707,0.9309,"featured, highlights, free report, equity research, release chicago, immediate release, chicago, immediate, free, research","blog, day, research, highlights, equity, featured, free, analyst, report, analyst blog"
49,0.0279,0.7112,0.7642,0.2835,"investorplace, advice trading, trading tips, news advice, tips, advice, market news, investorplace market, marijuana, news","market, news, investorplace, tips, advice, trading, trading tips, advice trading, news advice, market news"
50,0.0153,0.7205,0.5516,0.8773,"dividend, dividend payment, payment, dividend date, cash dividend, scheduled, february, decrease high, date, cash","dividend, payment, dividend payment, date, cash, dividend date, cash dividend, scheduled, trading, paid"
51,0.0065,0.9099,-0.9835,0.6013,"rating, ibd, width float, video width, float left, width, ibd display, display video, left autostart, autostart","rating, market, ibd, display, video, left, float, true, display video, ibd display"
52,0.0109,0.3323,0.2457,0.1273,"earnings, beat, esp, beat earnings, reports, earnings season, season, estimates, report, results","earnings, beat, report, results, season, reports, earnings season, estimates, likely, beat earnings"
53,0.0537,0.1872,0.0189,0.3622,"analyst blog, blog, new, analyst, recently, services, announced, products, solutions, contract","new, analyst, blog, analyst blog, products, services, recently, announced, based, business"
54,0.0109,0.8843,-0.3751,0.9967,"session, normal session, hands normal, far changing, normal, volume far, mover session, big mover, mover, day came","session, past, estimate, big, day, normal, hands, far, changing, normal session"
55,0.0279,0.1395,0.1546,0.4588,"investors, dividend, yield, etfs, etf, funds, dividends, income, yields, fund","dividend, investors, yield, etf, income, etfs, growth, high, funds, dividends"
56,0.0198,0.2025,-0.3944,0.6693,"neutral, recommendation, rating, analyst blog, blog, ratings, credit, research report, analyst, updated research","neutral, analyst, blog, analyst blog, credit, growth, insurance, term, recommendation, long"
57,0.0059,0.9502,0.95,1.0,"oversold, fearful, greedy, rsi, given technical, level fear, fear given, measure level, advises fearful, rsi measures","oversold, rsi, fearful, greedy, oversold territory, buffett, warren, territory, warren buffett, relative"
58,0.0125,0.7497,0.5549,0.0,"dividend, dividend payment, payment, dividend date, cash dividend, scheduled, cash, date, april, paid","dividend, payment, dividend payment, date, dividend date, cash, cash dividend, scheduled, trading, paid"
59,0.013,0.3671,-0.1045,0.9211,"buys, positions, sells, portfolio, sold, gurufocus, management, bought, purchases, reduced","management, buys, portfolio, positions, fund, sells, holdings, new, capital, ceo"
