topic,share_of_training_articles,npmi_training,npmi_later,stability,top_terms
0,0.0216,0.3611,0.3241,0.8728,"biotech, drug, healthcare, gilead, drugs, pharmaceuticals, cancer, sciences, therapeutics, gilead sciences"
1,0.0116,0.8823,0.6988,0.8215,"dividend, dividend date, dividend payment, cash dividend, payment, scheduled, cash, date, paid, prior dividend"
2,0.013,0.2091,0.2555,0.5445,"earnings, analysts, million, profit, revenue, reported, billion, adjusted, estimates, sales"
3,0.0186,0.3037,-0.2083,0.0176,"etfs, economy, markets, fed, economic, etf, news commentary, etf news, market, commentary"
4,0.0058,0.817,0.6883,0.9095,"financial, financial sector, bac wfc, jpm bac, usb, wfc usb, wfc, financial jpm, jpm, usb financial"
5,0.0212,0.2392,0.009,0.7185,"announced, analyst blog, blog, deal, analyst, agreement, acquisition, recently, million, new"
6,0.0263,0.1049,0.1144,0.8678,"investors, buy, market, growth, investing, best, years, buying, long, time"
7,0.0208,0.0774,0.0635,0.8091,"dividend, dividends, income, investors, yield, yields, social security, high yield, coverage universe, social"
8,0.0114,0.6489,0.7165,0.7445,"target, target price, analyst target, price, analyst, implied analyst, implied, price etf, underlying holdings, average analyst"
9,0.0101,0.8192,0.8723,0.9351,"options, expiration, available, contracts, contract, options channel, yieldboost, saw new, new options, expiration options"
10,0.0115,0.867,0.8472,0.9362,"strategy, validea, based, investor model, rating according, industry rating, published strategy, based published, according strategy, model based"
11,0.019,0.4582,0.3964,0.9211,"loss, cents, loss cents, consensus estimate, reported, consensus, estimate, revenues, million, ago"
12,0.0122,0.8823,0.6988,0.5321,"dividend, dividend payment, payment, dividend date, cash dividend, scheduled, date, cash, paid, prior dividend"
13,0.0199,0.1979,0.1677,0.8997,"european, futures, lower, asian, index, markets, china, asia, bank, higher"
14,0.0357,0.2376,-0.0804,0.8699,"neutral, strong, analyst blog, blog, rank, growth, analyst, research, recommendation, results"
15,0.0123,0.2775,0.2693,0.5526,"etf, units, outstanding, components, components etf, etfs, universe etfs, volume, etf channel, outflow"
16,0.0146,0.289,0.1048,0.805,"chipotle, starbucks, food, restaurant, cola, coca, coca cola, coffee, mexican, grill"
17,0.0128,0.3662,0.2474,0.9233,"cable, mobile, wireless, comcast, verizon, service, sprint, telecom, network, dish"
18,0.005,0.6936,0.3459,0.0,"broad market, broad, qqq, market exchange, traded funds, spy, exchange traded, traded, funds, exchange"
19,0.0262,0.2052,0.2104,0.7559,"buffett, warren, warren buffett, berkshire, investing, portfolio, money, just, investors, like"
20,0.0036,0.3784,-0.2141,0.002,"corporate summary, consensus estimate, summary, consensus, estimate, corporate, news, earnings beating, posted, beating consensus"
21,0.0143,0.8843,-0.3751,0.9735,"session, normal session, hands normal, far changing, normal, volume far, mover session, big mover, mover, day came"
22,0.0195,0.6918,0.6506,0.08,"alibaba, investorplace, news advice, advice trading, trading tips, advice, tips, amazon, market news, investorplace market"
23,0.0402,0.5301,0.4801,0.9567,"cents, earnings, consensus estimate, consensus, estimate, reported, revenues, earnings cents, adjusted, ago"
24,0.0069,0.4483,0.0798,0.9668,"solar, sunpower, energy, power, solar energy, canadian solar, solarcity, solar industry, panels, fslr"
25,0.02,0.3203,0.2918,0.9232,"apple, intel, iphone, microsoft, amd, tech, technology, devices, apple aapl, aapl"
26,0.0193,0.2124,0.0769,0.8512,"analyst blog, blog, analyst, recently, services, solutions, deal, technology, cloud, service"
27,0.0186,0.3499,0.2884,0.9223,"earnings estimate, value, great, right, investors, estimate revision, seeing, revision, revision activity, earnings"
28,0.0209,0.4506,0.4389,0.9265,"oil, energy, prices, gas, oil prices, natural, crude, natural gas, oil gas, production"
29,0.022,0.2445,-0.0498,0.6139,"notes, million, analyst blog, blog, senior, analyst, estate, real estate, investment, offering"
30,0.0077,0.7164,0.527,0.9888,"energy, crude, oil, crude oil, barrel, energy sector, oxy, slb, cop, cvx"
31,0.0083,0.6867,0.6965,0.9554,"volume, activity, trading volume, noteworthy, underlying, option, contracts, traded far, volume past, daily trading"
32,0.0114,0.3352,0.2945,0.5245,"health care, care, health, technology, sector update, update, sector, abt, aapl ibm, msft aapl"
33,0.0243,0.3847,0.1119,0.7299,"study, drug, patients, fda, treatment, phase, announced, analyst blog, blog, approval"
34,0.0137,0.6637,0.6641,0.7794,"pre market, traded, pre, active, hours, traded following, indicator total, volume currently, following active, currently traded"
35,0.0129,0.3382,0.3325,0.409,"bank, banks, banking, bank america, financial, america, fargo, wells fargo, wells, credit"
36,0.0287,0.6755,0.6445,0.7814,"moving average, moving, day moving, chart, point, average, day, low, shows performance, day chart"
37,0.0068,0.6173,-0.3092,0.0189,"hours, extended hours, extended, quarterly earnings, issue, history, premarket, earnings, quarterly, hours dollar"
38,0.0112,0.4295,0.3926,0.9777,"performing, components, rating, trading, worst, list day, components making, topped list, day best, component far"
39,0.0243,0.4052,0.3832,0.6543,"dow, market, dow jones, jones, jones industrial, industrial average, today, ahead, industrial, news"
40,0.0164,0.0423,0.0773,0.8902,"disney, game, video, gaming, vegas, streaming, las vegas, las, netflix, new"
41,0.0153,0.8823,0.6988,0.5308,"dividend, dividend date, dividend payment, payment, cash dividend, scheduled, date, cash, paid, prior dividend"
42,0.0144,0.1925,0.1587,0.0134,"earnings, earnings season, season, results, report, reports, estimates, numbers, technical, expected"
43,0.0102,0.8932,0.8901,0.0035,"remarks, conference, prepared remarks, prepared, operator, participants, earnings conference, questions, remarks questions, answers participants"
44,0.0091,0.5951,-0.3549,0.9104,"free analysis, analysis report, free, analysis, rank, list, report, added rank, rank strong, list today"
45,0.0202,0.8823,0.6988,0.1877,"dividend, dividend payment, cash dividend, dividend date, payment, scheduled, cash, date, paid, prior dividend"
46,0.0139,0.4009,-0.5723,0.5507,"dow, dow traded, market update, market, leading lagging, lagging sectors, sectors, update, market news, sector included"
47,0.0282,0.5111,0.2254,0.9719,"surprise, earnings, positive, earnings surprise, let, report, results, let things, things shaping, shaping"
48,0.0265,0.2298,0.2069,0.4685,"happened, revenue, results, data, investors, market intelligence, earnings, market, global market, intelligence"
49,0.009,0.531,0.431,0.9801,"marijuana, cannabis, aurora, canopy, pot, aurora cannabis, canopy growth, recreational, tobacco, canada"
50,0.0137,0.0659,0.0507,0.5086,"airlines, air, ford, airline, vehicles, delta, american airlines, toyota, motor, motors"
51,0.0138,0.7293,0.2707,0.8247,"featured, highlights, release chicago, immediate release, immediate, chicago, free report, equity research, research, free"
52,0.0325,0.8823,0.6988,0.2425,"dividend, dividend payment, dividend date, payment, cash dividend, scheduled, date, cash, paid, prior dividend"
53,0.0173,0.3143,0.2809,0.2013,"retail, store, sales, stores, retailers, retailer, shopping, holiday, costco, amazon"
54,0.0264,0.8517,0.8416,0.87,"etf, outstanding, detected, channel, changes universe, detected approximate, today outstanding, outstanding changes, channel standout, looking today"
55,0.0204,0.3297,0.229,0.9215,"gas, energy, oil, natural, natural gas, production, analyst blog, blog, analyst, oil gas"
56,0.0059,0.841,0.6586,0.0049,"consumer, dis cvs, mcd, mcd dis, wmt mcd, wmt, consumer wmt, cvs, dis, consumer sector"
57,0.0081,0.4361,0.3366,0.5993,"boeing, defense, contract, air, aircraft, lockheed, aerospace, lockheed martin, air force, navy"
58,0.0179,0.2975,0.2798,0.8323,"etfs, etf, funds, fund, bond, exchange traded, investors, market, exchange, nysearca"
59,0.0169,0.2483,0.2458,0.721,"insider, oversold, fearful, greedy, rsi, insider buying, indicator called, fear given, falls trading, advises fearful"
