topic,share_of_training_articles,npmi_training,npmi_later,stability,top_terms
Analyst Update,0.086,0.145,0.0099,,"analyst, blog, analyst blog, target, price, neutral, research, rating, target price, buy"
Fed | Central Banks,0.0039,0.4415,0.4719,,"fed, rate, rates, bank, federal, policy, central, reserve, federal reserve, central bank"
Company | Product News,0.1408,0.1207,-0.0909,,"new, options, contract, announced, blog, analyst blog, growth, million, contracts, analyst"
Treasuries | Corporate Debt,0.0112,0.0559,-0.0394,,"notes, bond, senior, preferred, mark, annualized, yield, senior notes, annualized changing, mark based"
Dividend,0.0973,0.8573,0.6509,,"dividend, dividend payment, payment, dividend date, cash dividend, scheduled, cash, date, paid, prior"
Earnings,0.0691,0.125,0.1096,,"earnings, results, report, surprise, hours, consensus, conference, remarks, prepared remarks, prepared"
Energy | Oil,0.0241,0.5834,0.5454,,"oil, energy, crude, gas, natural, natural gas, crude oil, barrel, sector, energy sector"
Financials,0.0549,0.4652,0.4214,,"cents, earnings, consensus estimate, consensus, estimate, reported, revenues, million, ago, adjusted"
Currencies,0.0018,0.2856,0.2535,,"dollar, euro, dollar index, forex, currency, yen, usd, currencies, index, trade"
General News | Opinion,0.0538,0.0842,0.0362,,"investors, options, market, new, time, contract, years, expiration, industry, just"
Gold | Metals | Materials,0.0049,0.4528,0.4294,,"gold, silver, prices, gold prices, metal, miners, precious, ounce, gold silver, gld"
IPO,0.0048,0.3829,0.2838,,"ipo, ipos, million, offering, raise, raise million, public, range, plans, million ipo"
Legal | Regulation,0.006,0.276,-0.0206,,"lawsuit, court, settlement, filed, bank, analyst blog, patent, blog, federal, district"
M&A | Investments,0.0306,0.1345,0.117,,"deal, acquisition, buys, acquire, stake, announced, million, purchase, bid, positions"
Macro,0.0262,0.3093,0.2789,,"consumer, health care, care, health, sector update, sector, update, news, financial, index"
Markets,0.0711,0.1551,0.151,,"market, dow, index, traded, trading, day, sector, pre, pre market, lower"
Politics,0.0033,0.3384,-0.1032,,"trump, obamacare, president, donald trump, donald, tax, marijuana, obama, election, house"
Personnel Change,0.0037,0.3911,0.3694,,"ceo, chief, executive, officer, president, board, chief executive, announced, new, executive officer"
Stock Commentary,0.2138,0.0962,0.1026,,"etf, investors, today, trading, average, buy, day, market, looking, etfs"
Stock Movement,0.0928,0.2341,0.2103,,"earnings, session, day, trading, hands, changing hands, changing, recent, average, high"
